{
    "Age": 0.23976228624393403,
    "MonthlyIncome": 0.37391363240029624,
    "YearsAtCompany": 0.18347342866328512,
    "JobSatisfaction": 0.09007482773812395,
    "OverTime": 0.1127758249543606
}